[{"model": "auth.user", "pk": 1, "fields": {"password": "pbkdf2_sha256$100000$Ovncyqc17wyA$/lfOn1UBqXmm5/d0sNt4JbEMVPRE39WLOsn/alEwFWg=", "last_login": null, "is_superuser": true, "username": "beik", "first_name": "", "last_name": "", "email": "renancamm@gmail.com", "is_staff": true, "is_active": true, "date_joined": "2018-05-19T20:52:52.488Z", "groups": [], "user_permissions": []}}, {"model": "app.category", "pk": 1, "fields": {"name": "Roupas", "order": 0}}, {"model": "app.category", "pk": 2, "fields": {"name": "Cal\u00e7ados e Acess\u00f3rios", "order": 0}}, {"model": "app.category", "pk": 3, "fields": {"name": "Atividades", "order": 0}}, {"model": "app.category", "pk": 4, "fields": {"name": "Beleza e Higiene", "order": 0}}, {"model": "app.category", "pk": 5, "fields": {"name": "Farmacinha", "order": 0}}, {"model": "app.category", "pk": 6, "fields": {"name": "Utilidades e Eletr\u00f4nicos", "order": 0}}, {"model": "app.category", "pk": 7, "fields": {"name": "Mochila", "order": 0}}, {"model": "app.product", "pk": 1, "fields": {"name": "Cal\u00e7a grossa", "category": 1, "description": "Nos dias de frio \u00e9 bom ter uma cal\u00e7a quentinha. Prefira tecidos grossos, que esquentem e que n\u00e3o deixem o vento passar, como sarja, flanela, gabardine e veludo. Um modelo de corte cl\u00e1ssico e de cor neutra \u00e9 a melhor op\u00e7\u00e3o para voc\u00ea ter uma pe\u00e7a-chave, que pode ser usada de dia ou de noite.", "image": "product/calca-grossa-homem.jpg", "for_male": true, "for_female": false, "multiply_by_days": true, "qtd_cold": 1.5, "qtd_cool": 1.0, "qtd_warm": 0.0, "qtd_hot": 0.0, "is_backpack": false, "trip_duration": 0}}, {"model": "app.product", "pk": 2, "fields": {"name": "Cal\u00e7a grossa", "category": 1, "description": "Nos dias de frio \u00e9 bom ter uma cal\u00e7a quentinha. Prefira tecidos grossos, que esquentem e que n\u00e3o deixem o vento passar, como sarja, flanela, gabardine e veludo. Um modelo de corte cl\u00e1ssico e de cor neutra \u00e9 a melhor op\u00e7\u00e3o para voc\u00ea ter uma pe\u00e7a-chave, que pode ser usada de dia ou de noite.", "image": "product/calca-grossa-mulher.jpg", "for_male": false, "for_female": true, "multiply_by_days": true, "qtd_cold": 1.5, "qtd_cool": 1.0, "qtd_warm": 0.0, "qtd_hot": 0.0, "is_backpack": false, "trip_duration": 0}}, {"model": "app.product", "pk": 3, "fields": {"name": "Jeans", "category": 1, "description": "O jeans \u00e9 aquela pe\u00e7a que vai servir para todos os momentos da sua viagem, do passeio tur\u00edstico durante o dia ao jantar num restaurante mais legal, portanto, leve um que seja confort\u00e1vel, molinho e, de prefer\u00eancia, b\u00e1sico, sem muitos detalhes, assim, n\u00e3o ter\u00e1 erro na hora de montar combina\u00e7\u00f5es.", "image": "product/jeans-homem.jpg", "for_male": true, "for_female": false, "multiply_by_days": true, "qtd_cold": 1.0, "qtd_cool": 1.0, "qtd_warm": 0.0, "qtd_hot": 0.0, "is_backpack": false, "trip_duration": 0}}, {"model": "app.product", "pk": 4, "fields": {"name": "Jeans", "category": 1, "description": "O jeans \u00e9 aquela pe\u00e7a que vai servir para todos os momentos da sua viagem, do passeio tur\u00edstico durante o dia ao jantar num restaurante mais legal, portanto, leve um que seja confort\u00e1vel, molinho e, de prefer\u00eancia, b\u00e1sico, sem muitos detalhes, assim, n\u00e3o ter\u00e1 erro na hora de montar combina\u00e7\u00f5es.", "image": "product/jeans-mulher.jpg", "for_male": false, "for_female": true, "multiply_by_days": true, "qtd_cold": 1.0, "qtd_cool": 1.0, "qtd_warm": 0.0, "qtd_hot": 0.0, "is_backpack": false, "trip_duration": 0}}, {"model": "app.product", "pk": 5, "fields": {"name": "Cal\u00e7a leve", "category": 1, "description": "Para dias quentes, prefira levar uma cal\u00e7a de tecido leve e fresquinho, como de fibras naturais, que s\u00e3o mais respir\u00e1veis. Evite tecidos puros como o poli\u00e9ster, que ret\u00e9m o calor. Cores ou estampas claras s\u00e3o mais adequadas, j\u00e1 que esquentam menos que cores escuras. Pantalona, pantacourt e sarouel s\u00e3o \u00f3timos modelos para o calor.", "image": "product/calca-leve.jpg", "for_male": false, "for_female": true, "multiply_by_days": true, "qtd_cold": 0.0, "qtd_cool": 0.0, "qtd_warm": 0.0, "qtd_hot": 1.0, "is_backpack": false, "trip_duration": 0}}, {"model": "app.product", "pk": 6, "fields": {"name": "Short", "category": 1, "description": "Para o calor, n\u00e3o deixe de levar shorts de tecidos leves, frescos e confort\u00e1veis. Se for levar mais de um, tente variar nas cores ou estampas para ter mais combina\u00e7\u00f5es durante a viagem. Voc\u00ea tamb\u00e9m pode variar nos tipos de tecidos para ter op\u00e7\u00f5es para o dia e para a noite.", "image": "product/short-homem.jpg", "for_male": true, "for_female": false, "multiply_by_days": true, "qtd_cold": 0.0, "qtd_cool": 0.0, "qtd_warm": 3.0, "qtd_hot": 2.0, "is_backpack": false, "trip_duration": 0}}, {"model": "app.product", "pk": 7, "fields": {"name": "Short", "category": 1, "description": "Para o calor, n\u00e3o deixe de levar shorts de tecidos leves, frescos e confort\u00e1veis. Se for levar mais de um, tente variar nas cores ou estampas para ter mais combina\u00e7\u00f5es durante a viagem. Opte por modelos mais cl\u00e1ssicos, que podem ser usados de dia e de noite. Deixe de lado aqueles causam assaduras entre as coxas por serem curtos demais ou apertados demais.", "image": "product/short-mulher.jpg", "for_male": false, "for_female": true, "multiply_by_days": true, "qtd_cold": 0.0, "qtd_cool": 0.0, "qtd_warm": 3.0, "qtd_hot": 2.0, "is_backpack": false, "trip_duration": 0}}, {"model": "app.product", "pk": 8, "fields": {"name": "Cal\u00e7a t\u00e9rmica", "category": 1, "description": "A cal\u00e7a t\u00e9rmica \u00e9 uma pe\u00e7a essencial em dias muito frios. Feita para ser usada  como segunda pele, por baixo da roupa, ou at\u00e9 como pijama. Geralmente \u00e9 feita de poli\u00e9ster e felpada na parte interna, para um melhor isolamento t\u00e9rmico. Ideal para viagens em cidades com temperaturas perto de 0 grau e para atividades na neve.", "image": "product/calca-termica-homem.jpg", "for_male": true, "for_female": false, "multiply_by_days": false, "qtd_cold": 1.0, "qtd_cool": 0.0, "qtd_warm": 0.0, "qtd_hot": 0.0, "is_backpack": false, "trip_duration": 0}}, {"model": "app.product", "pk": 9, "fields": {"name": "Cal\u00e7a t\u00e9rmica", "category": 1, "description": "A cal\u00e7a t\u00e9rmica \u00e9 uma pe\u00e7a essencial em dias muito frios. Feita para ser usada  como segunda pele, por baixo da roupa, ou at\u00e9 como pijama. Geralmente \u00e9 feita de poli\u00e9ster e felpada na parte interna, para um melhor isolamento t\u00e9rmico. Ideal para viagens em cidades com temperaturas perto de 0 grau e para atividades na neve.", "image": "product/calca-termica-mulher.jpg", "for_male": false, "for_female": true, "multiply_by_days": false, "qtd_cold": 1.0, "qtd_cool": 0.0, "qtd_warm": 0.0, "qtd_hot": 0.0, "is_backpack": false, "trip_duration": 0}}, {"model": "app.product", "pk": 10, "fields": {"name": "Camiseta b\u00e1sica", "category": 1, "description": "Leve v\u00e1rias camisetas que voc\u00ea possa combinar com o restante das suas roupas durante a viagem. Prefira cores e cortes b\u00e1sicos. Dentre as op\u00e7\u00f5es, escolha levar uma mais arrumadinha para eventos durante a noite, como um jantar ou uma balada.", "image": "product/camiseta-basica-homem.jpg", "for_male": true, "for_female": false, "multiply_by_days": true, "qtd_cold": 0.0, "qtd_cool": 4.0, "qtd_warm": 6.0, "qtd_hot": 6.0, "is_backpack": false, "trip_duration": 0}}, {"model": "app.product", "pk": 11, "fields": {"name": "Camiseta b\u00e1sica", "category": 1, "description": "Leve v\u00e1rias camisetas e blusinhas que voc\u00ea possa combinar com o restante das suas roupas durante a viagem. Al\u00e9m de camisetinhas b\u00e1sicas para o dia a dia, n\u00e3o deixe de levar op\u00e7\u00f5es mais diferentes que podem ser aproveitadas de dia e de noite, como frente \u00fanica, e ombro ca\u00eddo, por exemplo.", "image": "product/camiseta-basica-mulher.jpg", "for_male": false, "for_female": true, "multiply_by_days": true, "qtd_cold": 0.0, "qtd_cool": 0.0, "qtd_warm": 5.0, "qtd_hot": 5.0, "is_backpack": false, "trip_duration": 0}}, {"model": "app.product", "pk": 12, "fields": {"name": "Camiseta comprida", "category": 1, "description": "", "image": "product/camiseta-comprida-homem.jpg", "for_male": true, "for_female": false, "multiply_by_days": true, "qtd_cold": 5.0, "qtd_cool": 2.0, "qtd_warm": 0.0, "qtd_hot": 0.0, "is_backpack": false, "trip_duration": 0}}, {"model": "app.product", "pk": 13, "fields": {"name": "Camiseta comprida", "category": 1, "description": "", "image": "product/camiseta-comprida-mulher.jpg", "for_male": false, "for_female": true, "multiply_by_days": true, "qtd_cold": 5.0, "qtd_cool": 6.0, "qtd_warm": 0.0, "qtd_hot": 0.0, "is_backpack": false, "trip_duration": 0}}, {"model": "app.product", "pk": 14, "fields": {"name": "Camisa grossa", "category": 1, "description": "", "image": "product/camisa-grossa-homem.jpg", "for_male": true, "for_female": false, "multiply_by_days": false, "qtd_cold": 1.0, "qtd_cool": 1.0, "qtd_warm": 0.0, "qtd_hot": 0.0, "is_backpack": false, "trip_duration": 0}}, {"model": "app.product", "pk": 15, "fields": {"name": "Camisa leve", "category": 1, "description": "", "image": "product/camisa-leve-homen.jpg", "for_male": true, "for_female": false, "multiply_by_days": false, "qtd_cold": 0.0, "qtd_cool": 0.0, "qtd_warm": 1.0, "qtd_hot": 1.0, "is_backpack": false, "trip_duration": 0}}, {"model": "app.product", "pk": 16, "fields": {"name": "Vestido leve", "category": 1, "description": "Ver\u00e3o pede frescor, por isso, em viagens para lugares quentes, n\u00e3o deixe de levar op\u00e7\u00f5es leves. Opte por uma pe\u00e7a-chave que voc\u00ea possa usar de dia e de noite. Evite vestidos muito esvoa\u00e7antes para n\u00e3o ter que ficar se preocupando em segur\u00e1-lo enquanto tenta curtir o destino. Uma boa op\u00e7\u00e3o s\u00e3o vestido sequinhos, com cores neutras.", "image": "product/vestido-leve-mulher.jpg", "for_male": false, "for_female": true, "multiply_by_days": true, "qtd_cold": 0.0, "qtd_cool": 0.0, "qtd_warm": 2.0, "qtd_hot": 2.0, "is_backpack": false, "trip_duration": 0}}, {"model": "app.product", "pk": 17, "fields": {"name": "Vestido grosso", "category": 1, "description": "Para estar mais arrumadinha em um destino frio, voc\u00ea pode optar por levar um vestido de tecido grosso, como l\u00e3 ou veludo, por exemplo. Para jantares, baladas ou outros eventos que pedem uma roupa mais s\u00f3bria, essa \u00e9 uma boa op\u00e7\u00e3o para ter na mochila. Basta colocar uma meia-cal\u00e7a e voil\u00e0!", "image": "product/vestido-grosso.jpg", "for_male": false, "for_female": true, "multiply_by_days": false, "qtd_cold": 0.0, "qtd_cool": 1.0, "qtd_warm": 0.0, "qtd_hot": 0.0, "is_backpack": false, "trip_duration": 0}}, {"model": "app.product", "pk": 18, "fields": {"name": "Blusa fleece", "category": 1, "description": "", "image": "product/fleece-homem.jpg", "for_male": true, "for_female": false, "multiply_by_days": false, "qtd_cold": 1.0, "qtd_cool": 0.0, "qtd_warm": 0.0, "qtd_hot": 0.0, "is_backpack": false, "trip_duration": 0}}, {"model": "app.product", "pk": 19, "fields": {"name": "Blusa fleece", "category": 1, "description": "", "image": "product/fleece-mulher.jpg", "for_male": false, "for_female": true, "multiply_by_days": false, "qtd_cold": 1.0, "qtd_cool": 0.0, "qtd_warm": 0.0, "qtd_hot": 0.0, "is_backpack": false, "trip_duration": 0}}, {"model": "app.product", "pk": 20, "fields": {"name": "Blusa l\u00e3", "category": 1, "description": "", "image": "product/blusa-la-homem.jpg", "for_male": true, "for_female": false, "multiply_by_days": false, "qtd_cold": 1.0, "qtd_cool": 1.0, "qtd_warm": 0.0, "qtd_hot": 0.0, "is_backpack": false, "trip_duration": 0}}, {"model": "app.product", "pk": 21, "fields": {"name": "Blusa l\u00e3", "category": 1, "description": "", "image": "product/blusa-la-mulher.jpg", "for_male": false, "for_female": true, "multiply_by_days": false, "qtd_cold": 1.0, "qtd_cool": 1.0, "qtd_warm": 0.0, "qtd_hot": 0.0, "is_backpack": false, "trip_duration": 0}}, {"model": "app.product", "pk": 22, "fields": {"name": "Calcinha", "category": 1, "description": "", "image": "product/calcinha.jpg", "for_male": false, "for_female": true, "multiply_by_days": true, "qtd_cold": 7.5, "qtd_cool": 7.5, "qtd_warm": 7.5, "qtd_hot": 7.5, "is_backpack": false, "trip_duration": 0}}, {"model": "app.product", "pk": 23, "fields": {"name": "Cueca", "category": 1, "description": "", "image": "product/cueca-homen.jpg", "for_male": true, "for_female": false, "multiply_by_days": true, "qtd_cold": 7.5, "qtd_cool": 7.5, "qtd_warm": 7.5, "qtd_hot": 7.5, "is_backpack": false, "trip_duration": 0}}, {"model": "app.product", "pk": 24, "fields": {"name": "Suti\u00e3", "category": 1, "description": "", "image": "product/sutia.jpg", "for_male": false, "for_female": true, "multiply_by_days": true, "qtd_cold": 1.5, "qtd_cool": 1.5, "qtd_warm": 1.5, "qtd_hot": 1.5, "is_backpack": false, "trip_duration": 0}}, {"model": "app.product", "pk": 25, "fields": {"name": "Meia", "category": 1, "description": "", "image": "product/meia-homem.jpg", "for_male": true, "for_female": false, "multiply_by_days": true, "qtd_cold": 5.0, "qtd_cool": 5.0, "qtd_warm": 5.0, "qtd_hot": 5.0, "is_backpack": false, "trip_duration": 0}}, {"model": "app.product", "pk": 26, "fields": {"name": "Meia", "category": 1, "description": "", "image": "product/meia-mulher.jpg", "for_male": false, "for_female": true, "multiply_by_days": true, "qtd_cold": 5.0, "qtd_cool": 5.0, "qtd_warm": 5.0, "qtd_hot": 5.0, "is_backpack": false, "trip_duration": 0}}, {"model": "app.product", "pk": 27, "fields": {"name": "Casaco grosso", "category": 1, "description": "", "image": "product/casaco-grosso-homem.jpg", "for_male": true, "for_female": false, "multiply_by_days": false, "qtd_cold": 1.0, "qtd_cool": 1.0, "qtd_warm": 0.0, "qtd_hot": 0.0, "is_backpack": false, "trip_duration": 0}}, {"model": "app.product", "pk": 28, "fields": {"name": "Casaco grosso", "category": 1, "description": "", "image": "product/casaco-grosso-mulher.jpg", "for_male": false, "for_female": true, "multiply_by_days": false, "qtd_cold": 1.0, "qtd_cool": 1.0, "qtd_warm": 0.0, "qtd_hot": 0.0, "is_backpack": false, "trip_duration": 0}}, {"model": "app.product", "pk": 29, "fields": {"name": "Pijama inverno", "category": 1, "description": "", "image": "product/piajama-inverno-homem.jpg", "for_male": true, "for_female": false, "multiply_by_days": false, "qtd_cold": 1.0, "qtd_cool": 1.0, "qtd_warm": 0.0, "qtd_hot": 0.0, "is_backpack": false, "trip_duration": 0}}, {"model": "app.product", "pk": 30, "fields": {"name": "Pijama inverno", "category": 1, "description": "", "image": "product/pijama-inverno-mulher.jpg", "for_male": false, "for_female": true, "multiply_by_days": false, "qtd_cold": 1.0, "qtd_cool": 1.0, "qtd_warm": 0.0, "qtd_hot": 0.0, "is_backpack": false, "trip_duration": 0}}, {"model": "app.product", "pk": 31, "fields": {"name": "Pijama ver\u00e3o", "category": 1, "description": "", "image": "product/pijama-verao-homem.jpg", "for_male": true, "for_female": false, "multiply_by_days": false, "qtd_cold": 0.0, "qtd_cool": 0.0, "qtd_warm": 1.0, "qtd_hot": 1.0, "is_backpack": false, "trip_duration": 0}}, {"model": "app.product", "pk": 32, "fields": {"name": "Pijama ver\u00e3o", "category": 1, "description": "", "image": "product/piajama-verao-mulher.jpg", "for_male": false, "for_female": true, "multiply_by_days": false, "qtd_cold": 0.0, "qtd_cool": 0.0, "qtd_warm": 1.0, "qtd_hot": 1.0, "is_backpack": false, "trip_duration": 0}}, {"model": "app.product", "pk": 33, "fields": {"name": "Meia-cal\u00e7a", "category": 2, "description": "", "image": "product/meia-calca.jpg", "for_male": false, "for_female": true, "multiply_by_days": false, "qtd_cold": 0.0, "qtd_cool": 1.0, "qtd_warm": 0.0, "qtd_hot": 0.0, "is_backpack": false, "trip_duration": 0}}, {"model": "app.product", "pk": 34, "fields": {"name": "Rasteirinha", "category": 2, "description": "", "image": "product/rasteirinha.jpg", "for_male": false, "for_female": true, "multiply_by_days": false, "qtd_cold": 0.0, "qtd_cool": 0.0, "qtd_warm": 1.0, "qtd_hot": 1.0, "is_backpack": false, "trip_duration": 0}}, {"model": "app.product", "pk": 35, "fields": {"name": "T\u00eanis casual", "category": 2, "description": "", "image": "product/tenis-casual-homen.jpg", "for_male": true, "for_female": false, "multiply_by_days": false, "qtd_cold": 1.0, "qtd_cool": 1.0, "qtd_warm": 1.0, "qtd_hot": 1.0, "is_backpack": false, "trip_duration": 0}}, {"model": "app.product", "pk": 36, "fields": {"name": "T\u00eanis casual", "category": 2, "description": "", "image": "product/tenis-casual-mulher.jpg", "for_male": false, "for_female": true, "multiply_by_days": false, "qtd_cold": 1.0, "qtd_cool": 1.0, "qtd_warm": 1.0, "qtd_hot": 1.0, "is_backpack": false, "trip_duration": 0}}, {"model": "app.product", "pk": 37, "fields": {"name": "Bota casual", "category": 2, "description": "", "image": "product/bota-casual-homen.jpg", "for_male": true, "for_female": false, "multiply_by_days": false, "qtd_cold": 1.0, "qtd_cool": 0.0, "qtd_warm": 0.0, "qtd_hot": 0.0, "is_backpack": false, "trip_duration": 0}}, {"model": "app.product", "pk": 38, "fields": {"name": "Bota casual", "category": 2, "description": "", "image": "product/bota-casual-mulher.jpg", "for_male": false, "for_female": true, "multiply_by_days": false, "qtd_cold": 1.0, "qtd_cool": 1.0, "qtd_warm": 0.0, "qtd_hot": 0.0, "is_backpack": false, "trip_duration": 0}}, {"model": "app.product", "pk": 39, "fields": {"name": "Chinelo", "category": 2, "description": "", "image": "product/chinelo-homem.jpg", "for_male": true, "for_female": false, "multiply_by_days": false, "qtd_cold": 1.0, "qtd_cool": 1.0, "qtd_warm": 1.0, "qtd_hot": 1.0, "is_backpack": false, "trip_duration": 0}}, {"model": "app.product", "pk": 40, "fields": {"name": "Chinelo", "category": 2, "description": "", "image": "product/chinelo-mulher.jpg", "for_male": false, "for_female": true, "multiply_by_days": false, "qtd_cold": 1.0, "qtd_cool": 1.0, "qtd_warm": 1.0, "qtd_hot": 1.0, "is_backpack": false, "trip_duration": 0}}, {"model": "app.product", "pk": 41, "fields": {"name": "Luva", "category": 2, "description": "", "image": "product/luva-homem.jpg", "for_male": true, "for_female": false, "multiply_by_days": false, "qtd_cold": 1.0, "qtd_cool": 0.0, "qtd_warm": 0.0, "qtd_hot": 0.0, "is_backpack": false, "trip_duration": 0}}, {"model": "app.product", "pk": 42, "fields": {"name": "Luva", "category": 2, "description": "", "image": "product/luva-mulher.jpg", "for_male": false, "for_female": true, "multiply_by_days": false, "qtd_cold": 1.0, "qtd_cool": 0.0, "qtd_warm": 0.0, "qtd_hot": 0.0, "is_backpack": false, "trip_duration": 0}}, {"model": "app.product", "pk": 43, "fields": {"name": "Gorro", "category": 2, "description": "", "image": "product/gorro-homem.jpg", "for_male": true, "for_female": false, "multiply_by_days": false, "qtd_cold": 1.0, "qtd_cool": 1.0, "qtd_warm": 0.0, "qtd_hot": 0.0, "is_backpack": false, "trip_duration": 0}}, {"model": "app.product", "pk": 44, "fields": {"name": "Gorro", "category": 2, "description": "", "image": "product/gorro-mulher.jpg", "for_male": false, "for_female": true, "multiply_by_days": false, "qtd_cold": 1.0, "qtd_cool": 1.0, "qtd_warm": 0.0, "qtd_hot": 0.0, "is_backpack": false, "trip_duration": 0}}, {"model": "app.product", "pk": 45, "fields": {"name": "Cachecol", "category": 2, "description": "", "image": "product/cachecol-homem.jpg", "for_male": true, "for_female": false, "multiply_by_days": false, "qtd_cold": 1.0, "qtd_cool": 1.0, "qtd_warm": 0.0, "qtd_hot": 0.0, "is_backpack": false, "trip_duration": 0}}, {"model": "app.product", "pk": 46, "fields": {"name": "Cachecol", "category": 2, "description": "", "image": "product/cachecol-mulher.jpg", "for_male": false, "for_female": true, "multiply_by_days": false, "qtd_cold": 1.0, "qtd_cool": 1.0, "qtd_warm": 0.0, "qtd_hot": 0.0, "is_backpack": false, "trip_duration": 0}}, {"model": "app.product", "pk": 47, "fields": {"name": "\u00d3culos de sol", "category": 2, "description": "", "image": "product/oculos-de-sol-homem.jpg", "for_male": true, "for_female": false, "multiply_by_days": false, "qtd_cold": 1.0, "qtd_cool": 1.0, "qtd_warm": 1.0, "qtd_hot": 1.0, "is_backpack": false, "trip_duration": 0}}, {"model": "app.product", "pk": 48, "fields": {"name": "\u00d3culos de sol", "category": 2, "description": "", "image": "product/oculos-de-sol-mulher.jpg", "for_male": false, "for_female": true, "multiply_by_days": false, "qtd_cold": 1.0, "qtd_cool": 1.0, "qtd_warm": 1.0, "qtd_hot": 1.0, "is_backpack": false, "trip_duration": 0}}, {"model": "app.product", "pk": 49, "fields": {"name": "Bolsinha", "category": 2, "description": "", "image": "product/bolsinha.jpg", "for_male": false, "for_female": true, "multiply_by_days": false, "qtd_cold": 1.0, "qtd_cool": 1.0, "qtd_warm": 1.0, "qtd_hot": 1.0, "is_backpack": false, "trip_duration": 0}}, {"model": "app.product", "pk": 50, "fields": {"name": "Escova de dente", "category": 4, "description": "", "image": "product/escova-de-dentes-homen.jpg", "for_male": true, "for_female": true, "multiply_by_days": false, "qtd_cold": 1.0, "qtd_cool": 1.0, "qtd_warm": 1.0, "qtd_hot": 1.0, "is_backpack": false, "trip_duration": 0}}, {"model": "app.product", "pk": 51, "fields": {"name": "Pasta de dente", "category": 4, "description": "", "image": "product/pasta-de-dente.jpeg", "for_male": true, "for_female": true, "multiply_by_days": false, "qtd_cold": 1.0, "qtd_cool": 1.0, "qtd_warm": 1.0, "qtd_hot": 1.0, "is_backpack": false, "trip_duration": 0}}, {"model": "app.product", "pk": 52, "fields": {"name": "Fio dental", "category": 4, "description": "", "image": "product/fio-dental.jpg", "for_male": true, "for_female": true, "multiply_by_days": false, "qtd_cold": 1.0, "qtd_cool": 1.0, "qtd_warm": 1.0, "qtd_hot": 1.0, "is_backpack": false, "trip_duration": 0}}, {"model": "app.product", "pk": 53, "fields": {"name": "Mini Shampoo", "category": 4, "description": "", "image": "product/shampoo.jpg", "for_male": true, "for_female": true, "multiply_by_days": false, "qtd_cold": 1.0, "qtd_cool": 1.0, "qtd_warm": 1.0, "qtd_hot": 1.0, "is_backpack": false, "trip_duration": 0}}, {"model": "app.product", "pk": 54, "fields": {"name": "Mini Condicionador", "category": 4, "description": "", "image": "product/condicionador.jpg", "for_male": true, "for_female": true, "multiply_by_days": false, "qtd_cold": 1.0, "qtd_cool": 1.0, "qtd_warm": 1.0, "qtd_hot": 1.0, "is_backpack": false, "trip_duration": 0}}, {"model": "app.product", "pk": 55, "fields": {"name": "Sabonete barra", "category": 4, "description": "", "image": "product/sabonete.jpg", "for_male": true, "for_female": true, "multiply_by_days": false, "qtd_cold": 1.0, "qtd_cool": 1.0, "qtd_warm": 1.0, "qtd_hot": 1.0, "is_backpack": false, "trip_duration": 0}}, {"model": "app.product", "pk": 56, "fields": {"name": "Desodorante", "category": 4, "description": "", "image": "product/desodorante-rollon.png", "for_male": true, "for_female": true, "multiply_by_days": false, "qtd_cold": 1.0, "qtd_cool": 1.0, "qtd_warm": 1.0, "qtd_hot": 1.0, "is_backpack": false, "trip_duration": 0}}, {"model": "app.product", "pk": 57, "fields": {"name": "Pente ou Escova", "category": 4, "description": "", "image": "product/escova-de-cabelo.jpg", "for_male": true, "for_female": true, "multiply_by_days": false, "qtd_cold": 1.0, "qtd_cool": 1.0, "qtd_warm": 1.0, "qtd_hot": 1.0, "is_backpack": false, "trip_duration": 0}}, {"model": "app.product", "pk": 58, "fields": {"name": "Secador ou Chapinha", "category": 4, "description": "", "image": "product/secador.png", "for_male": false, "for_female": true, "multiply_by_days": false, "qtd_cold": 1.0, "qtd_cool": 1.0, "qtd_warm": 1.0, "qtd_hot": 1.0, "is_backpack": false, "trip_duration": 0}}, {"model": "app.product", "pk": 59, "fields": {"name": "Toalha microfibra", "category": 4, "description": "", "image": "product/toalha-de-microfibra.jpg", "for_male": true, "for_female": true, "multiply_by_days": false, "qtd_cold": 1.0, "qtd_cool": 1.0, "qtd_warm": 1.0, "qtd_hot": 1.0, "is_backpack": false, "trip_duration": 0}}, {"model": "app.product", "pk": 60, "fields": {"name": "Protetor solar", "category": 4, "description": "", "image": "product/protetor-solar.jpg", "for_male": true, "for_female": true, "multiply_by_days": false, "qtd_cold": 0.0, "qtd_cool": 0.0, "qtd_warm": 1.0, "qtd_hot": 1.0, "is_backpack": false, "trip_duration": 0}}, {"model": "app.product", "pk": 61, "fields": {"name": "Necessaire maquiagem", "category": 4, "description": "", "image": "product/necessaire-maquiagem.jpg", "for_male": false, "for_female": true, "multiply_by_days": false, "qtd_cold": 1.0, "qtd_cool": 1.0, "qtd_warm": 1.0, "qtd_hot": 1.0, "is_backpack": false, "trip_duration": 0}}, {"model": "app.product", "pk": 62, "fields": {"name": "Prendedor de cabelo", "category": 4, "description": "", "image": "product/prendedor-de-cabelo.jpg", "for_male": false, "for_female": true, "multiply_by_days": false, "qtd_cold": 1.0, "qtd_cool": 1.0, "qtd_warm": 1.0, "qtd_hot": 1.0, "is_backpack": false, "trip_duration": 0}}, {"model": "app.product", "pk": 63, "fields": {"name": "Demaquilante", "category": 4, "description": "", "image": "product/demaquilante.jpg", "for_male": false, "for_female": true, "multiply_by_days": false, "qtd_cold": 1.0, "qtd_cool": 1.0, "qtd_warm": 1.0, "qtd_hot": 1.0, "is_backpack": false, "trip_duration": 0}}, {"model": "app.product", "pk": 64, "fields": {"name": "L\u00e2mina de barbear", "category": 4, "description": "", "image": "product/lamina-de-barbear.png", "for_male": true, "for_female": true, "multiply_by_days": false, "qtd_cold": 1.0, "qtd_cool": 1.0, "qtd_warm": 1.0, "qtd_hot": 1.0, "is_backpack": false, "trip_duration": 0}}, {"model": "app.product", "pk": 65, "fields": {"name": "Dores e Febre", "category": 5, "description": "", "image": "product-placeholder.png", "for_male": true, "for_female": true, "multiply_by_days": false, "qtd_cold": 1.0, "qtd_cool": 1.0, "qtd_warm": 1.0, "qtd_hot": 1.0, "is_backpack": false, "trip_duration": 0}}, {"model": "app.product", "pk": 66, "fields": {"name": "Dores muscular", "category": 5, "description": "", "image": "product-placeholder.png", "for_male": true, "for_female": true, "multiply_by_days": false, "qtd_cold": 1.0, "qtd_cool": 1.0, "qtd_warm": 1.0, "qtd_hot": 1.0, "is_backpack": false, "trip_duration": 0}}, {"model": "app.product", "pk": 67, "fields": {"name": "Antigripal", "category": 5, "description": "", "image": "product-placeholder.png", "for_male": true, "for_female": true, "multiply_by_days": false, "qtd_cold": 1.0, "qtd_cool": 1.0, "qtd_warm": 1.0, "qtd_hot": 1.0, "is_backpack": false, "trip_duration": 0}}, {"model": "app.product", "pk": 68, "fields": {"name": "M\u00e1 digest\u00e3o", "category": 5, "description": "", "image": "product-placeholder.png", "for_male": true, "for_female": true, "multiply_by_days": false, "qtd_cold": 1.0, "qtd_cool": 1.0, "qtd_warm": 1.0, "qtd_hot": 1.0, "is_backpack": false, "trip_duration": 0}}, {"model": "app.product", "pk": 69, "fields": {"name": "Enjoo", "category": 5, "description": "", "image": "product-placeholder.png", "for_male": true, "for_female": true, "multiply_by_days": false, "qtd_cold": 1.0, "qtd_cool": 1.0, "qtd_warm": 1.0, "qtd_hot": 1.0, "is_backpack": false, "trip_duration": 0}}, {"model": "app.product", "pk": 70, "fields": {"name": "Diarr\u00e9ria", "category": 5, "description": "", "image": "product-placeholder.png", "for_male": true, "for_female": true, "multiply_by_days": false, "qtd_cold": 0.0, "qtd_cool": 0.0, "qtd_warm": 1.0, "qtd_hot": 1.0, "is_backpack": false, "trip_duration": 0}}, {"model": "app.product", "pk": 71, "fields": {"name": "Band-aid", "category": 5, "description": "", "image": "product-placeholder.png", "for_male": false, "for_female": true, "multiply_by_days": false, "qtd_cold": 1.0, "qtd_cool": 1.0, "qtd_warm": 1.0, "qtd_hot": 1.0, "is_backpack": false, "trip_duration": 0}}, {"model": "app.product", "pk": 72, "fields": {"name": "Antial\u00e9rgico", "category": 5, "description": "", "image": "product-placeholder.png", "for_male": true, "for_female": true, "multiply_by_days": false, "qtd_cold": 1.0, "qtd_cool": 1.0, "qtd_warm": 1.0, "qtd_hot": 1.0, "is_backpack": false, "trip_duration": 0}}, {"model": "app.product", "pk": 73, "fields": {"name": "Fones de ouvido ", "category": 6, "description": "", "image": "product/fones-de-ouvido.jpg", "for_male": true, "for_female": true, "multiply_by_days": false, "qtd_cold": 1.0, "qtd_cool": 1.0, "qtd_warm": 1.0, "qtd_hot": 1.0, "is_backpack": false, "trip_duration": 0}}, {"model": "app.product", "pk": 74, "fields": {"name": "Powerbank", "category": 6, "description": "", "image": "product/powerbank.jpg", "for_male": true, "for_female": true, "multiply_by_days": false, "qtd_cold": 1.0, "qtd_cool": 1.0, "qtd_warm": 1.0, "qtd_hot": 1.0, "is_backpack": false, "trip_duration": 0}}, {"model": "app.product", "pk": 75, "fields": {"name": "Carregador celular", "category": 6, "description": "", "image": "product/carregador-celular.jpg", "for_male": true, "for_female": true, "multiply_by_days": false, "qtd_cold": 1.0, "qtd_cool": 1.0, "qtd_warm": 1.0, "qtd_hot": 1.0, "is_backpack": false, "trip_duration": 0}}, {"model": "app.product", "pk": 76, "fields": {"name": "Adaptador de tomada", "category": 6, "description": "", "image": "product/adaptador-universal.jpg", "for_male": true, "for_female": true, "multiply_by_days": false, "qtd_cold": 1.0, "qtd_cool": 1.0, "qtd_warm": 1.0, "qtd_hot": 1.0, "is_backpack": false, "trip_duration": 0}}, {"model": "app.product", "pk": 77, "fields": {"name": "Cadeado", "category": 6, "description": "", "image": "product/cadeado-viagem.jpg", "for_male": true, "for_female": true, "multiply_by_days": false, "qtd_cold": 1.0, "qtd_cool": 1.0, "qtd_warm": 1.0, "qtd_hot": 1.0, "is_backpack": false, "trip_duration": 0}}, {"model": "app.product", "pk": 78, "fields": {"name": "Mochila pequena", "category": 7, "description": "", "image": "product/mochila-pequena.jpg", "for_male": true, "for_female": true, "multiply_by_days": false, "qtd_cold": 0.0, "qtd_cool": 0.0, "qtd_warm": 0.0, "qtd_hot": 0.0, "is_backpack": true, "trip_duration": 3}}, {"model": "app.product", "pk": 79, "fields": {"name": "Mochila m\u00e9dia", "category": 7, "description": "", "image": "product/mochila-media.jpg", "for_male": true, "for_female": true, "multiply_by_days": false, "qtd_cold": 0.0, "qtd_cool": 0.0, "qtd_warm": 0.0, "qtd_hot": 0.0, "is_backpack": true, "trip_duration": 7}}, {"model": "app.product", "pk": 80, "fields": {"name": "Mochila grande", "category": 7, "description": "", "image": "product/mochila-grande.jpg", "for_male": true, "for_female": true, "multiply_by_days": false, "qtd_cold": 0.0, "qtd_cool": 0.0, "qtd_warm": 0.0, "qtd_hot": 0.0, "is_backpack": true, "trip_duration": 11}}, {"model": "app.backpack", "pk": 1, "fields": {"uuid": "99542a22-488c-4f54-a565-e9e7d724bed1", "temp": 30, "days": 11, "sex": "f", "product": null, "created_at": "2018-05-19T20:50:22.541Z"}}, {"model": "app.backpack", "pk": 2, "fields": {"uuid": "afa74275-bc7a-4af0-86e4-a42c078a3b10", "temp": 30, "days": 11, "sex": "f", "product": 80, "created_at": "2018-05-19T20:51:05.665Z"}}, {"model": "app.backpackitem", "pk": 1, "fields": {"backpack": 2, "product": 76, "qtd": 1}}, {"model": "app.backpackitem", "pk": 2, "fields": {"backpack": 2, "product": 72, "qtd": 1}}, {"model": "app.backpackitem", "pk": 3, "fields": {"backpack": 2, "product": 67, "qtd": 1}}, {"model": "app.backpackitem", "pk": 4, "fields": {"backpack": 2, "product": 71, "qtd": 1}}, {"model": "app.backpackitem", "pk": 5, "fields": {"backpack": 2, "product": 49, "qtd": 1}}, {"model": "app.backpackitem", "pk": 6, "fields": {"backpack": 2, "product": 77, "qtd": 1}}, {"model": "app.backpackitem", "pk": 7, "fields": {"backpack": 2, "product": 22, "qtd": 11}}, {"model": "app.backpackitem", "pk": 8, "fields": {"backpack": 2, "product": 5, "qtd": 1}}, {"model": "app.backpackitem", "pk": 9, "fields": {"backpack": 2, "product": 11, "qtd": 7}}, {"model": "app.backpackitem", "pk": 10, "fields": {"backpack": 2, "product": 75, "qtd": 1}}, {"model": "app.backpackitem", "pk": 11, "fields": {"backpack": 2, "product": 40, "qtd": 1}}, {"model": "app.backpackitem", "pk": 12, "fields": {"backpack": 2, "product": 63, "qtd": 1}}, {"model": "app.backpackitem", "pk": 13, "fields": {"backpack": 2, "product": 56, "qtd": 1}}, {"model": "app.backpackitem", "pk": 14, "fields": {"backpack": 2, "product": 70, "qtd": 1}}, {"model": "app.backpackitem", "pk": 15, "fields": {"backpack": 2, "product": 65, "qtd": 1}}, {"model": "app.backpackitem", "pk": 16, "fields": {"backpack": 2, "product": 66, "qtd": 1}}, {"model": "app.backpackitem", "pk": 17, "fields": {"backpack": 2, "product": 69, "qtd": 1}}, {"model": "app.backpackitem", "pk": 18, "fields": {"backpack": 2, "product": 50, "qtd": 1}}, {"model": "app.backpackitem", "pk": 19, "fields": {"backpack": 2, "product": 52, "qtd": 1}}, {"model": "app.backpackitem", "pk": 20, "fields": {"backpack": 2, "product": 73, "qtd": 1}}, {"model": "app.backpackitem", "pk": 21, "fields": {"backpack": 2, "product": 64, "qtd": 1}}, {"model": "app.backpackitem", "pk": 22, "fields": {"backpack": 2, "product": 26, "qtd": 7}}, {"model": "app.backpackitem", "pk": 23, "fields": {"backpack": 2, "product": 54, "qtd": 1}}, {"model": "app.backpackitem", "pk": 24, "fields": {"backpack": 2, "product": 53, "qtd": 1}}, {"model": "app.backpackitem", "pk": 25, "fields": {"backpack": 2, "product": 68, "qtd": 1}}, {"model": "app.backpackitem", "pk": 26, "fields": {"backpack": 2, "product": 61, "qtd": 1}}, {"model": "app.backpackitem", "pk": 27, "fields": {"backpack": 2, "product": 51, "qtd": 1}}, {"model": "app.backpackitem", "pk": 28, "fields": {"backpack": 2, "product": 57, "qtd": 1}}, {"model": "app.backpackitem", "pk": 29, "fields": {"backpack": 2, "product": 32, "qtd": 1}}, {"model": "app.backpackitem", "pk": 30, "fields": {"backpack": 2, "product": 74, "qtd": 1}}, {"model": "app.backpackitem", "pk": 31, "fields": {"backpack": 2, "product": 62, "qtd": 1}}, {"model": "app.backpackitem", "pk": 32, "fields": {"backpack": 2, "product": 60, "qtd": 1}}, {"model": "app.backpackitem", "pk": 33, "fields": {"backpack": 2, "product": 34, "qtd": 1}}, {"model": "app.backpackitem", "pk": 34, "fields": {"backpack": 2, "product": 55, "qtd": 1}}, {"model": "app.backpackitem", "pk": 35, "fields": {"backpack": 2, "product": 58, "qtd": 1}}, {"model": "app.backpackitem", "pk": 36, "fields": {"backpack": 2, "product": 7, "qtd": 3}}, {"model": "app.backpackitem", "pk": 37, "fields": {"backpack": 2, "product": 24, "qtd": 2}}, {"model": "app.backpackitem", "pk": 38, "fields": {"backpack": 2, "product": 59, "qtd": 1}}, {"model": "app.backpackitem", "pk": 39, "fields": {"backpack": 2, "product": 36, "qtd": 1}}, {"model": "app.backpackitem", "pk": 40, "fields": {"backpack": 2, "product": 16, "qtd": 3}}, {"model": "app.backpackitem", "pk": 41, "fields": {"backpack": 2, "product": 48, "qtd": 1}}]